Domain,Status,Attractiveness,Demand,Length,Sectors,Created,Expires,Registrar
brief.coach,available,124,19%,5,"Business,Education,General,Law",,,
second.coach,available,120,23%,6,"General,Mathematics",,,
wizard.coach,available,118,42%,6,"Entertainment,Media,Technology",,,
equal.coach,available,116,19%,5,"Education,General,Law",,,
tenth.coach,available,116,7%,5,Mathematics,,,
flat.coach,available,116,24%,4,"Construction,Real Estate",,,
tonic.coach,available,114,22%,5,"Health and Fitness,Medicine,Science",,,
above.coach,available,112,22%,5,Business,,,
acute.coach,available,112,9%,5,"Mathematics,Medicine,Science",,,
hotshot.coach,available,112,14%,7,"Business,Entertainment,Sports",,,
abstract.coach,available,108,29%,8,"Arts,Humanities,Science",,,
abiding.coach,available,106,5%,7,"General,Religion",,,
teen.coach,available,104,14%,4,"Education,Entertainment,Healthcare",,,
active.coach,available,104,27%,6,"Health and Fitness,Sports,Travel",,,
captive.coach,available,102,14%,7,"Entertainment,Hospitality,Technology",,,
absent.coach,available,102,8%,6,"Business,Education,Technology",,,
third.coach,available,100,16%,5,Mathematics,,,
abrupt.coach,available,100,3%,6,"Medicine,Science",,,
remove.coach,available,100,13%,6,"Construction,Manufacturing,Technology",,,
ninth.coach,available,100,9%,5,Mathematics,,,
adjunct.coach,available,100,5%,7,Education,,,
sixth.coach,available,100,8%,5,Mathematics,,,
crack.coach,available,100,20%,5,Sports,,,
eighth.coach,available,100,6%,6,Mathematics,,,
whizz.coach,available,98,11%,5,"Business,Education,Technology",,,
doable.coach,available,96,9%,6,"Business,Education,Technology",,,
alamode.coach,available,96,12%,9,Fashion,,,
academic.coach,expiring,96,20%,8,"Education,Humanities,Science",31/08/2020 05:05,31/08/2025 05:05,united-domains GmbH
actual.coach,available,96,22%,6,"Real Estate,Retail,Technology",,,
forgiving.coach,available,96,3%,9,"Healthcare,Religion",,,
about.coach,available,94,28%,5,"Business,General,Media,Technology",,,
abject.coach,available,94,7%,6,Humanities,,,
virtuoso.coach,available,94,16%,8,"Arts,Entertainment",,,
around.coach,available,94,22%,6,"Business,General,Media,Technology",,,
adequate.coach,available,94,9%,8,"Education,Healthcare,Technology",,,
twentieth.coach,available,92,3%,9,Mathematics,,,
neutral.coach,available,92,20%,7,"Business,Media,Politics",,,
abroad.coach,available,92,12%,6,"Hospitality,Travel",,,
derelict.coach,available,92,7%,8,"Construction,Real Estate",,,
exemplary.coach,available,92,5%,9,"Business,Education,Healthcare",,,
nought.coach,available,92,4%,6,Mathematics,,,
adjective.coach,available,92,5%,9,Education,,,
adept.coach,available,92,24%,5,"Education,Health and Fitness,Sports",,,
endearing.coach,available,90,1%,9,"Entertainment,Fashion,Retail",,,
gripping.coach,available,90,3%,8,"Entertainment,Media,Technology",,,
abortive.coach,available,90,1%,8,"Medicine,Science",,,
adoring.coach,available,90,2%,7,"Entertainment,Fashion,Retail",,,
leash.coach,available,90,7%,5,"General,Health and Fitness,Retail",,,
riveting.coach,available,90,6%,8,"Entertainment,Media,Technology",,,
addictive.coach,available,90,9%,9,Healthcare,,,
adlib.coach,available,88,7%,6,Entertainment,,,
ten.coach,available,88,28%,3,"General,Mathematics",,,
three.coach,available,88,24%,5,Mathematics,,,
activist.coach,available,88,12%,8,"Humanities,Politics",,,
fifteen.coach,available,88,13%,7,Mathematics,,,
sixteen.coach,available,88,11%,7,Mathematics,,,
hundred.coach,available,88,14%,7,Mathematics,,,
ace.coach,available,88,34%,3,Sports,,,
proficient.coach,available,88,8%,10,"Education,Health and Fitness,Sports",,,
recondite.coach,available,86,4%,9,"Arts,Humanities,Science",,,
xix.coach,available,86,11%,3,Mathematics,,,
extempore.coach,available,86,3%,9,Entertainment,,,
star.coach,resell,86,40%,4,"Entertainment,Media,Sports",28/05/2019 20:10,28/05/2026 20:10,Dynadot Inc
cipher.coach,available,86,29%,6,Mathematics,,,
engrossing.coach,available,86,0%,10,"Entertainment,Media,Technology",,,
adolescent.coach,available,86,3%,10,"Education,Entertainment,Healthcare",,,
attendant.coach,available,86,5%,9,"Healthcare,Hospitality,Transportation",,,
aboriginal.coach,available,86,10%,10,Humanities,,,
xiv.coach,available,86,12%,3,Mathematics,,,
fourteen.coach,available,84,8%,8,Mathematics,,,
thirteen.coach,available,84,10%,8,Mathematics,,,
accessory.coach,available,84,8%,9,"Fashion,Retail,Technology",,,
thousand.coach,available,84,8%,8,Mathematics,,,
twentytwo.coach,available,84,11%,10,Mathematics,,,
adjustable.coach,available,84,3%,10,"Manufacturing,Retail,Technology",,,
nineteen.coach,available,84,8%,8,Mathematics,,,
seventeen.coach,available,84,7%,9,Mathematics,,,
grand.coach,available,84,25%,5,"Finance,General",,,
fivesome.coach,available,82,1%,8,Sports,,,
enduring.coach,available,82,9%,8,"Health and Fitness,Religion",,,
cleansing.coach,available,82,3%,9,Health and Fitness,,,
absorbent.coach,available,82,3%,9,"Healthcare,Manufacturing,Retail",,,
abroach.coach,available,82,1%,7,Food and Beverage,,,
abenaki.coach,available,82,2%,7,Geography,,,
altered.coach,available,82,9%,7,"Medicine,Science",,,
abdominal.coach,available,82,1%,9,"Health and Fitness,Medicine",,,
abkhaz.coach,available,82,1%,6,Geography,,,
impromptu.coach,available,82,16%,9,Entertainment,,,
dozen.coach,available,82,10%,5,Mathematics,,,
decade.coach,available,82,10%,6,Mathematics,,,
twenty.coach,available,80,12%,6,Mathematics,,,
some.coach,available,80,32%,4,"Business,Media,Retail",,,
absurd.coach,available,80,16%,6,"Arts,Entertainment,Media",,,
forty.coach,available,80,9%,5,Mathematics,,,
superstar.coach,resell,80,18%,9,Entertainment,17/07/2023 20:44,17/07/2026 20:44,"GoDaddy.com, LLC"
seventh.coach,available,80,10%,7,Mathematics,,,
dorsal.coach,available,80,6%,6,"Medicine,Science",,,
yard.coach,available,80,26%,4,"Construction,General",,,
worshipful.coach,available,80,1%,10,"Education,Healthcare,Religion",,,
trio.coach,available,80,21%,4,Entertainment,,,
sequent.coach,available,80,7%,7,"Healthcare,Insurance,Transportation",,,
first.coach,resell,80,36%,5,"General,Mathematics",09/05/2025 21:27,09/05/2026 21:27,"Sav.com, LLC"
two.coach,available,80,24%,3,Mathematics,,,
absorbable.coach,available,80,0%,10,"Healthcare,Pharmaceuticals,Science",,,
adoptable.coach,available,80,3%,9,"Education,Healthcare",,,
absorptive.coach,available,78,1%,10,"Healthcare,Manufacturing,Retail",,,
abkhazian.coach,available,78,1%,9,Geography,,,
low.coach,available,78,20%,3,"Business,Finance",,,
adorable.coach,available,78,8%,8,"Entertainment,Fashion,Retail",,,
abounding.coach,available,78,2%,9,Agriculture,,,
accepted.coach,available,78,6%,8,"Business,Education,Technology",,,
accurate.coach,available,78,16%,8,"Engineering,Mathematics,Science",,,
adrenal.coach,available,78,4%,7,"Education,Healthcare,Science",,,
adjacent.coach,available,78,9%,8,"Construction,Real Estate,Retail",,,
twentysix.coach,available,78,8%,10,Mathematics,,,
honestly.coach,available,78,9%,8,"Business,Law",,,
acceptant.coach,available,78,1%,9,"Education,Healthcare",,,
acceptable.coach,available,78,5%,10,"Business,Hospitality,Retail",,,
athletic.coach,available,78,15%,8,"Health and Fitness,Sports",,,
dormant.coach,available,78,4%,7,"Medicine,Science",,,
sixtynine.coach,available,78,8%,10,Mathematics,,,
accidental.coach,available,78,11%,10,"Healthcare,Insurance,Transportation",,,
recognised.coach,available,78,3%,10,"Business,Education,Technology",,,
recognized.coach,available,78,3%,10,"Business,Education,Technology",,,
abkhasian.coach,available,78,1%,9,Geography,,,
fifteenth.coach,available,76,2%,9,Mathematics,,,
abrasive.coach,available,76,6%,8,"Construction,Manufacturing",,,
adipose.coach,available,76,2%,7,"Healthcare,Science",,,
resultant.coach,available,76,2%,9,"Healthcare,Insurance,Transportation",,,
fourteenth.coach,available,76,1%,10,Mathematics,,,
firstrate.coach,available,76,6%,10,Business,,,
hundredth.coach,available,76,1%,9,Mathematics,,,
thousandth.coach,available,76,1%,10,Mathematics,,,
nineteenth.coach,available,76,3%,10,Mathematics,,,
acoustic.coach,available,76,14%,8,Science,,,
energizing.coach,available,76,3%,10,"Food and Beverage,Health and Fitness,Travel",,,
threed.coach,available,76,7%,7,Technology,,,
ague.coach,available,76,2%,4,"Geography,Medicine,Science",,,
ventral.coach,available,76,3%,7,Science,,,
adhesive.coach,available,76,7%,8,"Construction,Manufacturing,Technology",,,
adherent.coach,available,76,4%,8,"Politics,Religion",,,
ancillary.coach,available,76,6%,9,"Healthcare,Manufacturing,Technology",,,
obscene.coach,available,76,5%,7,"Entertainment,Media",,,
auxiliary.coach,available,76,7%,9,"Healthcare,Manufacturing,Technology",,,
adaptive.coach,expiring,76,28%,8,"Business,Education,Technology",31/08/2024 15:25,31/08/2025 15:25,"GoDaddy.com, LLC"
eighteen.coach,available,76,7%,8,Mathematics,,,
incidental.coach,available,76,4%,10,"Healthcare,Insurance,Transportation",,,
addable.coach,available,76,2%,7,"Engineering,Mathematics,Science",,,
improvise.coach,available,76,4%,9,Entertainment,,,
thirteenth.coach,available,76,4%,10,Mathematics,,,
manageable.coach,available,74,4%,10,"Business,Education,Technology",,,
adapted.coach,available,74,6%,7,"Healthcare,Manufacturing,Technology",,,
acuate.coach,available,74,2%,6,"Engineering,Medicine,Science",,,
mavin.coach,available,74,7%,5,"Entertainment,Fashion,Technology",,,
broad.coach,available,74,13%,5,"Entertainment,General,Media",,,
single.coach,resell,74,19%,6,Sports,14/01/2025 09:38,14/01/2026 09:38,Porkbun LLC
sensation.coach,available,74,7%,9,"Entertainment,Media,Sports",,,
supra.coach,available,74,25%,5,"Medicine,Science",,,
skilful.coach,available,74,3%,7,"Education,Health and Fitness,Sports",,,
adenoid.coach,available,74,1%,7,"Health and Fitness,Medicine,Science",,,
accepting.coach,available,74,3%,9,"Education,Healthcare",,,
realizable.coach,available,74,1%,10,"Business,Education,Technology",,,
adrenergic.coach,available,74,1%,10,"Education,Healthcare,Science",,,
achievable.coach,available,74,4%,10,"Business,Education,Technology",,,
admirable.coach,available,74,5%,9,"Business,Education,Healthcare",,,
cleared.coach,available,74,7%,7,"Healthcare,Law,Transportation",,,
abnormal.coach,available,74,16%,8,"Medicine,Science",,,
aberrant.coach,available,74,6%,8,"Medicine,Science",,,
playing.coach,available,74,12%,7,Entertainment,,,
activated.coach,available,74,9%,9,"Healthcare,Manufacturing,Technology",,,
lovely.coach,available,72,26%,6,"Entertainment,Fashion,Retail",,,
improvize.coach,available,72,1%,9,Entertainment,,,
accustomed.coach,available,72,1%,10,"Business,Education,Humanities",,,
adonic.coach,available,72,2%,6,"Arts,Education,Entertainment",,,
abreast.coach,available,72,2%,7,"Business,Technology",,,
adjectival.coach,available,72,1%,10,Education,,,
absorbed.coach,available,72,2%,8,"Entertainment,Media,Technology",,,
seventieth.coach,available,72,1%,10,Mathematics,,,
ninetieth.coach,available,72,1%,9,Mathematics,,,
addicted.coach,available,72,9%,8,Healthcare,,,
adiabatic.coach,available,72,3%,9,"Engineering,Science",,,
abloom.coach,available,72,5%,6,Agriculture,,,
accusative.coach,available,72,0%,10,"Humanities,Law",,,
sixtieth.coach,available,72,1%,8,Mathematics,,,
adaptative.coach,available,72,1%,10,"Business,Education,Technology",,,
aching.coach,available,72,4%,6,Healthcare,,,
existent.coach,available,72,3%,8,"Mathematics,Science",,,
ternary.coach,available,72,7%,7,Mathematics,,,
adjunctive.coach,available,72,1%,10,"Healthcare,Manufacturing,Technology",,,
engrossed.coach,available,72,1%,9,"Entertainment,Media,Technology",,,
ablaze.coach,available,72,6%,6,Entertainment,,,
absolutist.coach,available,72,1%,10,"Humanities,Law,Politics",,,
trinity.coach,available,72,18%,7,Religion,,,
eightieth.coach,available,72,1%,9,Mathematics,,,
adamantine.coach,available,70,4%,10,Religion,,,
stillborn.coach,available,70,2%,9,"Medicine,Science",,,
offhand.coach,available,70,2%,7,Entertainment,,,
absorbing.coach,available,70,3%,9,"Entertainment,Media,Technology",,,
lowdown.coach,available,70,6%,8,"Entertainment,Media",,,
abulic.coach,available,70,1%,6,Medicine,,,
adjusted.coach,available,70,5%,8,"Manufacturing,Retail,Technology",,,
acuminate.coach,available,70,1%,9,"Engineering,Medicine,Science",,,
miserable.coach,available,70,4%,9,Humanities,,,
abradant.coach,available,70,1%,8,"Construction,Manufacturing",,,
consequent.coach,available,70,3%,10,"Business,Education,General,Technology",,,
gymnastic.coach,available,70,3%,9,"Entertainment,Sports",,,
recumbent.coach,available,70,2%,9,"Healthcare,Medicine,Science",,,
adored.coach,available,70,6%,6,"Entertainment,Fashion,Retail",,,
admired.coach,available,70,5%,7,"Business,Education,Healthcare",,,
practiced.coach,available,70,3%,9,"Education,Health and Fitness,Sports",,,
accumbent.coach,available,70,1%,9,"Healthcare,Medicine,Science",,,
vindicated.coach,available,68,2%,10,"Humanities,Law,Politics",,,
foursome.coach,available,68,4%,8,Sports,,,
decorated.coach,available,68,3%,9,"Entertainment,Fashion,Retail",,,
fiftieth.coach,available,68,0%,8,Mathematics,,,
overseas.coach,available,68,12%,8,"Hospitality,Travel",,,
abnaki.coach,available,68,1%,6,Geography,,,
aroused.coach,available,68,3%,7,"Entertainment,Health and Fitness",,,
licenced.coach,available,68,2%,8,"Business,Healthcare,Insurance",,,
thirtieth.coach,available,68,1%,9,Mathematics,,,
septenary.coach,available,68,1%,9,Mathematics,,,
abducent.coach,available,68,0%,8,Medicine,,,
achaean.coach,available,68,2%,7,Humanities,,,
achaian.coach,available,68,2%,7,Humanities,,,
ennead.coach,available,68,5%,6,Mathematics,,,
activating.coach,available,68,3%,10,"Healthcare,Manufacturing,Technology",,,
aculeate.coach,available,68,1%,8,"Engineering,Medicine,Science",,,
sevener.coach,available,68,1%,7,Mathematics,,,
acerate.coach,available,68,1%,7,Science,,,
fortieth.coach,available,68,0%,8,Mathematics,,,
stygian.coach,available,68,5%,7,Humanities,,,
ablative.coach,available,68,3%,8,Science,,,
threesome.coach,available,68,5%,9,Entertainment,,,
scurvy.coach,available,68,3%,6,Humanities,,,
aberdonian.coach,available,68,1%,10,Geography,,,
octonary.coach,available,68,1%,8,Mathematics,,,
ane.coach,available,68,12%,3,Mathematics,,,
abkhas.coach,available,68,0%,6,Geography,,,
modish.coach,available,66,5%,6,Fashion,,,
teenager.coach,available,66,4%,8,"Education,Entertainment,Healthcare",,,
xviii.coach,available,66,5%,5,Mathematics,,,
clv.coach,available,66,10%,3,Mathematics,,,
thirty.coach,available,66,8%,6,Mathematics,,,
xxvi.coach,available,66,3%,4,Mathematics,,,
xxi.coach,available,66,10%,3,Mathematics,,,
acappella.coach,available,66,6%,10,Entertainment,,,
deuce.coach,available,66,9%,5,Sports,,,
xii.coach,available,66,10%,3,Mathematics,,,
according.coach,available,66,3%,9,"Business,Education,Technology",,,
xvi.coach,available,66,5%,3,Mathematics,,,
century.coach,available,66,17%,7,Education,,,
xiii.coach,available,66,9%,4,Mathematics,,,
xxv.coach,available,66,6%,3,Mathematics,,,
tenner.coach,available,66,5%,6,Finance,,,
four.coach,available,66,27%,4,Mathematics,,,
acrobatic.coach,available,66,4%,9,"Entertainment,Sports",,,
abstinent.coach,available,66,1%,9,"Health and Fitness,Religion",,,
sextet.coach,available,66,1%,6,Entertainment,,,
xvii.coach,available,66,5%,4,Mathematics,,,
adopted.coach,available,66,4%,7,"Education,Healthcare",,,
performing.coach,available,66,6%,10,Entertainment,,,
five.coach,available,66,26%,4,Mathematics,,,
fifty.coach,available,66,12%,5,Mathematics,,,
acervate.coach,available,66,1%,8,Science,,,
six.coach,available,66,26%,3,Mathematics,,,
onec.coach,available,66,6%,5,Mathematics,,,
accessary.coach,available,66,1%,9,"Business,Law,Technology",,,
xxii.coach,available,66,6%,4,Mathematics,,,
adorned.coach,available,66,5%,7,"Entertainment,Fashion,Retail",,,
latest.coach,available,66,18%,6,Technology,,,
eighty.coach,available,66,6%,6,Mathematics,,,
exonerated.coach,available,66,2%,10,"Humanities,Law,Politics",,,
buzzing.coach,available,66,7%,7,"Entertainment,Media,Technology",,,
nondrinker.coach,available,64,1%,10,"Health and Fitness,Religion",,,
accordant.coach,available,64,3%,9,"Arts,Entertainment",,,
adagio.coach,available,64,14%,6,Entertainment,,,
astringent.coach,available,64,1%,10,"Healthcare,Pharmaceuticals",,,
ccc.coach,resell,64,38%,3,Mathematics,25/06/2024 12:57,25/06/2026 12:57,"GoDaddy.com, LLC"
absolved.coach,available,64,1%,8,"Humanities,Law,Religion",,,
deviant.coach,available,64,12%,7,"Medicine,Science",,,
scatty.coach,available,64,1%,6,"Arts,Entertainment,Media",,,
acentric.coach,available,64,2%,8,Science,,,
aflame.coach,available,64,3%,6,Entertainment,,,
eleventh.coach,available,62,5%,8,Mathematics,,,
aborigine.coach,available,62,1%,9,Humanities,,,
pungent.coach,available,62,1%,7,Food and Beverage,,,
activation.coach,available,62,16%,10,"Healthcare,Manufacturing,Technology",,,
exculpated.coach,available,62,1%,10,"Humanities,Law,Politics",,,
abo.coach,available,62,15%,3,Science,,,
fortyfour.coach,available,62,6%,10,Mathematics,,,
chiliad.coach,available,62,2%,7,Mathematics,,,
accrued.coach,available,62,2%,7,"Banking,Finance,Insurance",,,
adjuvant.coach,available,62,5%,8,"Healthcare,Manufacturing,Technology",,,
cumulative.coach,available,62,2%,10,"Banking,Finance,Insurance",,,
accusing.coach,available,62,1%,8,Law,,,
ensuant.coach,available,62,1%,7,"Healthcare,Insurance,Transportation",,,
sixteenth.coach,available,62,1%,9,Mathematics,,,
activistic.coach,available,62,1%,10,"Humanities,Politics",,,
longdozen.coach,available,62,2%,10,Mathematics,,,
roughly.coach,available,62,3%,7,"Business,Media,Technology",,,
admissible.coach,available,62,1%,10,"Education,Healthcare,Law",,,
wrapped.coach,available,62,13%,7,"Fashion,Hospitality,Retail",,,
acidic.coach,available,62,5%,6,"Food and Beverage,Science",,,
quartet.coach,available,62,7%,7,"Arts,Entertainment",,,
adoptive.coach,available,62,1%,8,"Education,Healthcare",,,
eighteenth.coach,available,62,1%,10,Mathematics,,,
twodozen.coach,available,62,1%,9,Mathematics,,,
playacting.coach,available,62,1%,10,Entertainment,,,
aufait.coach,available,62,3%,7,"Fashion,Media",,,
troika.coach,available,62,8%,6,Politics,,,
orso.coach,available,62,9%,5,"Business,Media,Technology",,,
cxl.coach,available,60,7%,3,Mathematics,,,
cxlv.coach,available,60,2%,4,Mathematics,,,
thou.coach,available,60,7%,4,Mathematics,,,
cxv.coach,available,60,4%,3,Mathematics,,,
cxx.coach,available,60,10%,3,Mathematics,,,
cxxxv.coach,available,60,2%,5,Mathematics,,,
octet.coach,available,60,12%,5,Arts,,,
idolised.coach,available,60,1%,8,"Entertainment,Fashion,Retail",,,
cxxx.coach,available,60,4%,4,Mathematics,,,
tertiary.coach,available,60,4%,8,Education,,,
xcl.coach,available,60,5%,3,Mathematics,,,
idolized.coach,available,60,3%,8,"Entertainment,Fashion,Retail",,,
clxx.coach,available,60,3%,4,Mathematics,,,
clxxx.coach,available,60,1%,5,Mathematics,,,
adnate.coach,available,60,1%,6,"Agriculture,Manufacturing,Retail",,,
cxxv.coach,available,60,1%,4,Mathematics,,,
sixty.coach,available,60,13%,5,Mathematics,,,
clx.coach,available,60,10%,3,Mathematics,,,
acceptive.coach,available,60,1%,9,"Education,Healthcare",,,
clxxv.coach,available,60,1%,5,Mathematics,,,
aboveboard.coach,available,60,5%,10,"Business,Law",,,
clxv.coach,available,60,1%,4,Mathematics,,,
abashed.coach,available,60,1%,7,Humanities,,,
abstainer.coach,available,60,0%,9,"Health and Fitness,Religion",,,
annexal.coach,available,60,1%,7,"Agriculture,Manufacturing,Retail",,,
cautionary.coach,available,60,1%,10,"Business,Education,Healthcare",,,
paunchy.coach,available,60,0%,7,"Health and Fitness,Medicine",,,
adnexal.coach,available,60,1%,7,"Agriculture,Manufacturing,Retail",,,
eightysix.coach,available,60,7%,10,Mathematics,,,
abstemious.coach,available,60,0%,10,"Food and Beverage,Health and Fitness,Hospitality",,,
tercet.coach,available,59,2%,6,"Arts,Entertainment,Media",,,
centesimal.coach,available,58,1%,10,Mathematics,,,
abused.coach,available,58,5%,6,"Healthcare,Law",,,
eighter.coach,available,58,2%,7,Mathematics,,,
fourth.coach,available,58,13%,6,Mathematics,,,
seven.coach,available,58,36%,5,Mathematics,,,
lxxx.coach,available,58,2%,4,Mathematics,,,
octad.coach,available,58,5%,5,Mathematics,,,
fourscore.coach,available,58,4%,9,Mathematics,,,
closeto.coach,available,58,3%,8,"Business,Media,Technology",,,
linear.coach,available,58,22%,6,"Engineering,Mathematics,Science",,,
twelfth.coach,available,58,2%,7,Mathematics,,,
hexad.coach,available,58,4%,5,Mathematics,,,
sixtyone.coach,available,58,3%,9,Mathematics,,,
adhoc.coach,available,58,24%,6,"Business,Engineering,Technology",,,
niner.coach,available,58,5%,5,Mathematics,,,
addible.coach,available,58,2%,7,"Engineering,Mathematics,Science",,,
acyclic.coach,available,58,4%,7,"Engineering,Mathematics,Science",,,
abridged.coach,available,58,4%,8,Media,,,
justabout.coach,available,58,3%,10,"Business,Media,Technology",,,
quintet.coach,available,58,8%,7,"Arts,Entertainment",,,
acetic.coach,available,58,1%,6,"Food and Beverage,Science",,,
abuzz.coach,available,58,5%,5,"Entertainment,Media,Technology",,,
lxxviii.coach,available,58,1%,7,Mathematics,,,
accented.coach,available,58,3%,8,"Arts,Entertainment",,,
enwrapped.coach,available,58,0%,9,"Entertainment,Fashion,Media",,,
accoutred.coach,available,58,1%,9,"Fashion,Manufacturing,Retail",,,
sixer.coach,available,58,5%,5,Sports,,,
aucourant.coach,available,58,3%,10,"Fashion,Media",,,
seventy.coach,available,58,7%,7,Mathematics,,,
alacarte.coach,available,58,11%,10,Food and Beverage,,,
fifth.coach,available,58,12%,5,Mathematics,,,
offhanded.coach,available,58,1%,9,Entertainment,,,
sextuplet.coach,available,58,1%,9,Healthcare,,,
adient.coach,available,58,4%,6,"Medicine,Science",,,
ache.coach,available,58,7%,4,Healthcare,,,
actuarial.coach,available,58,8%,9,"Finance,Insurance,Mathematics",,,
pentad.coach,available,58,2%,6,Mathematics,,,
addressed.coach,available,58,3%,9,"Business,Technology,Telecommunications",,,
heptad.coach,available,58,1%,6,Mathematics,,,
adjustive.coach,available,58,1%,9,"Manufacturing,Retail,Technology",,,
tetrad.coach,available,58,5%,6,Mathematics,,,
abandoned.coach,available,58,10%,9,"Construction,Real Estate",,,
xxxiv.coach,available,56,1%,5,Mathematics,,,
lvi.coach,available,56,8%,3,Mathematics,,,
xliii.coach,available,56,1%,5,Mathematics,,,
xliv.coach,available,56,2%,4,Mathematics,,,
lvii.coach,available,56,1%,4,Mathematics,,,
xxxvii.coach,available,56,2%,6,Mathematics,,,
xxxviii.coach,available,56,1%,7,Mathematics,,,
xli.coach,available,56,5%,3,Mathematics,,,
ilx.coach,available,56,5%,3,Mathematics,,,
fortysix.coach,available,56,3%,9,Mathematics,,,
halfdozen.coach,available,56,1%,10,Mathematics,,,
fortytwo.coach,available,56,17%,9,Mathematics,,,
admissive.coach,available,56,1%,9,"Education,Healthcare,Hospitality",,,
xxxvi.coach,available,56,1%,5,Mathematics,,,
xxiii.coach,available,56,5%,5,Mathematics,,,
fiftytwo.coach,available,56,6%,9,Mathematics,,,
fiftysix.coach,available,56,4%,9,Mathematics,,,
xxix.coach,available,56,4%,4,Mathematics,,,
admittible.coach,available,56,1%,10,"Education,Healthcare,Hospitality",,,
potbellied.coach,available,56,0%,10,"Health and Fitness,Medicine",,,
abeyant.coach,available,56,1%,7,"Business,Law",,,
fiftynine.coach,available,56,4%,10,Mathematics,,,
thirtysix.coach,available,56,5%,10,Mathematics,,,
abdominous.coach,available,56,0%,10,"Health and Fitness,Medicine",,,
fiftyfive.coach,available,56,7%,10,Mathematics,,,
xlv.coach,available,56,6%,3,Mathematics,,,
liii.coach,available,56,4%,4,Mathematics,,,
xxviii.coach,available,56,1%,6,Mathematics,,,
accoutered.coach,available,56,0%,10,"Fashion,Manufacturing,Retail",,,
xlviii.coach,available,56,1%,6,Mathematics,,,
admittable.coach,available,56,1%,10,"Education,Healthcare,Hospitality",,,
xxxiii.coach,available,56,2%,6,Mathematics,,,
fiftyone.coach,available,56,7%,9,Mathematics,,,
xxxi.coach,available,56,9%,4,Mathematics,,,
appressed.coach,available,56,0%,9,"Agriculture,Manufacturing,Retail",,,
fortynine.coach,available,56,3%,10,Mathematics,,,
xlvi.coach,available,56,3%,4,Mathematics,,,
xlii.coach,available,56,5%,4,Mathematics,,,
thirtytwo.coach,available,56,5%,10,Mathematics,,,
xxvii.coach,available,56,3%,5,Mathematics,,,
addled.coach,available,56,2%,6,Entertainment,,,
terzetto.coach,available,56,3%,8,Arts,,,
xlvii.coach,available,56,2%,5,Mathematics,,,
lviii.coach,available,56,1%,5,Mathematics,,,
xxxv.coach,available,56,4%,4,Mathematics,,,
thirtyone.coach,available,56,5%,10,Mathematics,,,
fortyone.coach,available,56,4%,9,Mathematics,,,
maledict.coach,available,56,1%,8,Religion,,,
xxxii.coach,available,56,1%,5,Mathematics,,,
xxiv.coach,available,56,5%,4,Mathematics,,,
fiftyfour.coach,available,56,3%,10,Mathematics,,,
lii.coach,available,56,7%,3,Mathematics,,,
aone.coach,available,56,15%,5,Food and Beverage,,,
quatern.coach,available,54,2%,7,Mathematics,,,
deuceace.coach,available,54,2%,9,Sports,,,
adaxial.coach,available,54,2%,7,Science,,,
scratchy.coach,available,54,3%,8,Fashion,,,
sise.coach,available,54,5%,4,Mathematics,,,
adpressed.coach,available,54,0%,9,"Agriculture,Manufacturing,Retail",,,
accursed.coach,available,54,3%,8,"Entertainment,Media,Religion",,,
deserted.coach,available,54,3%,8,"Hospitality,Real Estate",,,
fortyfive.coach,available,54,4%,10,Mathematics,,,
adducent.coach,available,54,1%,8,"Engineering,Mathematics,Science",,,
monitory.coach,available,54,3%,8,"Business,Education,Healthcare",,,
acoustical.coach,available,54,4%,10,Science,,,
adjuratory.coach,available,54,0%,10,"Law,Politics,Religion",,,
quadruplet.coach,available,54,1%,10,"Healthcare,Medicine,Science",,,
viii.coach,available,54,6%,4,Mathematics,,,
abducens.coach,available,54,1%,8,Medicine,,,
unnatural.coach,available,54,4%,9,"Medicine,Science",,,
quaternity.coach,available,54,4%,10,Mathematics,,,
admonitory.coach,available,54,0%,10,"Business,Education,Healthcare",,,
adducting.coach,available,54,1%,9,"Engineering,Mathematics,Science",,,
abasic.coach,available,54,1%,6,Science,,,
aboral.coach,available,54,2%,6,Science,,,
achy.coach,available,54,3%,4,Healthcare,,,
abhorrent.coach,available,54,1%,9,Humanities,,,
accentual.coach,available,54,3%,9,"Arts,Entertainment",,,
abient.coach,available,54,1%,6,Science,,,
vii.coach,available,54,13%,3,Mathematics,,,
ternion.coach,available,54,3%,7,Mathematics,,,
abatable.coach,available,54,1%,8,Law,,,
quintuplet.coach,available,54,1%,10,"Healthcare,Medicine,Science",,,
abaxial.coach,available,54,1%,7,Science,,,
actuated.coach,available,54,2%,8,"Automotive,Manufacturing,Technology",,,
threescore.coach,available,54,1%,10,Mathematics,,,
abatic.coach,available,54,1%,6,Science,,,
twoscore.coach,available,54,2%,8,Mathematics,,,
achromatic.coach,available,54,4%,10,Science,,,
adductive.coach,available,54,0%,9,"Engineering,Mathematics,Science",,,
quaternion.coach,available,54,6%,10,Mathematics,,,
sestet.coach,available,53,1%,6,Arts,,,
septet.coach,available,53,1%,6,General,,,
xxx.coach,available,53,30%,3,"Arts,Entertainment,Media",,,
lxv.coach,available,52,5%,3,Mathematics,,,
lxxxvi.coach,available,52,1%,6,Mathematics,,,
detestable.coach,available,52,1%,10,Humanities,,,
odious.coach,available,52,2%,6,"Entertainment,Humanities",,,
lxi.coach,available,52,5%,3,Mathematics,,,
lxxvii.coach,available,52,2%,6,Mathematics,,,
ninetytwo.coach,available,52,4%,10,Mathematics,,,
ixl.coach,available,52,9%,3,Mathematics,,,
uphill.coach,available,52,7%,6,"Sports,Transportation,Travel",,,
lxviii.coach,available,52,1%,6,Mathematics,,,
lxxxiii.coach,available,52,1%,7,Mathematics,,,
lxxxvii.coach,available,52,1%,7,Mathematics,,,
lxxii.coach,available,52,1%,5,Mathematics,,,
lxxi.coach,available,52,1%,4,Mathematics,,,
tierce.coach,available,52,3%,6,General,,,
abysmal.coach,available,52,4%,7,"Arts,Entertainment,Media",,,
xci.coach,available,52,4%,3,Mathematics,,,
adenoidal.coach,available,52,1%,9,"Health and Fitness,Medicine,Science",,,
decumbent.coach,available,52,1%,9,"Healthcare,Medicine,Science",,,
abstruse.coach,available,52,5%,8,"Humanities,Mathematics,Science",,,
xciv.coach,available,52,2%,4,Mathematics,,,
xciii.coach,available,52,1%,5,Mathematics,,,
lxxiii.coach,available,52,1%,6,Mathematics,,,
lxiii.coach,available,52,2%,5,Mathematics,,,
lxxxi.coach,available,52,1%,5,Mathematics,,,
xcviii.coach,available,52,1%,6,Mathematics,,,
lxxxiv.coach,available,52,1%,6,Mathematics,,,
chagrined.coach,available,52,1%,9,Humanities,,,
repugnant.coach,available,52,1%,9,Humanities,,,
lxxv.coach,available,52,1%,4,Mathematics,,,
ixc.coach,available,52,5%,3,Mathematics,,,
eightytwo.coach,available,52,4%,10,Mathematics,,,
ninetysix.coach,available,52,4%,10,Mathematics,,,
sixtyfour.coach,available,52,3%,10,Mathematics,,,
abusive.coach,available,52,3%,7,"Healthcare,Law",,,
repulsive.coach,available,52,1%,9,Humanities,,,
xcvii.coach,available,52,1%,5,Mathematics,,,
littlejoe.coach,available,52,2%,10,"Entertainment,Media",,,
aboulic.coach,available,52,1%,7,Medicine,,,
lxiv.coach,available,52,3%,4,Mathematics,,,
lxxxii.coach,available,52,1%,6,Mathematics,,,
lxxxv.coach,available,52,1%,5,Mathematics,,,
xcv.coach,available,52,7%,3,Mathematics,,,
eightyone.coach,available,52,3%,10,Mathematics,,,
lxxvi.coach,available,52,1%,5,Mathematics,,,
sixtytwo.coach,available,52,3%,9,Mathematics,,,
lxxiv.coach,available,52,1%,5,Mathematics,,,
lxii.coach,available,52,1%,4,Mathematics,,,
sixtyfive.coach,available,52,3%,10,Mathematics,,,
ablated.coach,available,52,1%,7,Science,,,
lxvi.coach,available,52,3%,4,Mathematics,,,
xcii.coach,available,52,2%,4,Mathematics,,,
sixtysix.coach,available,52,4%,9,Mathematics,,,
lxvii.coach,available,52,1%,5,Mathematics,,,
ninetyone.coach,available,52,5%,10,Mathematics,,,
xcvi.coach,available,52,2%,4,Mathematics,,,
abominable.coach,available,52,2%,10,"Entertainment,Humanities",,,
acaudal.coach,available,50,1%,7,"Agriculture,Science",,,
aculeated.coach,available,50,0%,9,"Engineering,Medicine,Science",,,
quint.coach,available,50,13%,5,"Arts,Entertainment",,,
abbatial.coach,available,50,0%,8,Religion,,,
acellular.coach,available,50,1%,9,Science,,,
lxx.coach,available,50,5%,3,Mathematics,,,
needlelike.coach,available,50,0%,10,"Engineering,Medicine,Science",,,
cinque.coach,available,50,7%,6,Mathematics,,,
abducting.coach,available,50,0%,9,Medicine,,,
acerbic.coach,available,50,2%,7,"Arts,Humanities,Media",,,
spinous.coach,available,50,1%,7,"Agriculture,Science",,,
acetous.coach,available,50,1%,7,Science,,,
acapnic.coach,available,50,0%,7,"Healthcare,Medicine,Science",,,
acquitted.coach,available,50,1%,9,Law,,,
acetose.coach,available,50,1%,7,Science,,,
triplet.coach,available,50,8%,7,Science,,,
acapnotic.coach,available,50,0%,9,"Healthcare,Medicine,Science",,,
abranchial.coach,available,50,0%,10,Science,,,
broached.coach,available,50,0%,8,Food and Beverage,,,
ogdoad.coach,available,50,1%,6,Mathematics,,,
scummy.coach,available,50,1%,6,Humanities,,,
acerb.coach,available,50,2%,5,Science,,,
acerose.coach,available,50,1%,7,Science,,,
abomasal.coach,available,50,0%,8,Agriculture,,,
aborticide.coach,available,50,0%,10,Medicine,,,
gillless.coach,available,50,0%,9,Science,,,
abdicable.coach,available,50,0%,9,Law,,,
adactylous.coach,available,50,0%,10,Science,,,
adhominem.coach,available,50,2%,10,"Humanities,Law,Politics",,,
trine.coach,available,50,11%,5,"General,Religion",,,
abactinal.coach,available,50,0%,9,Science,,,
vinegary.coach,available,50,1%,8,Food and Beverage,,,
lxxxviii.coach,available,48,1%,8,Mathematics,,,
ilxxx.coach,available,48,1%,5,Mathematics,,,
ilxx.coach,available,48,1%,4,Mathematics,,,
notguilty.coach,available,48,5%,10,Law,,,
execrable.coach,available,48,0%,9,"Entertainment,Humanities",,,
abstracted.coach,available,48,5%,10,"Arts,Humanities,Science",,,
abyssal.coach,available,48,12%,7,"Arts,Entertainment,Media",,,
apriori.coach,available,48,13%,8,Mathematics,,,
acetylic.coach,available,46,1%,8,Science,,,
acicular.coach,available,46,2%,8,Science,,,
stripling.coach,available,46,2%,9,"Education,Entertainment,Healthcare",,,
acarpous.coach,available,46,0%,8,"Agriculture,Science",,,
quaternary.coach,available,46,3%,10,Mathematics,,,
acanthotic.coach,available,46,0%,10,"Agriculture,Science",,,
theabsurd.coach,available,46,1%,10,"Arts,Entertainment,Media",,,
acaudate.coach,available,46,1%,8,"Agriculture,Science",,,
acetylenic.coach,available,46,1%,10,Science,,,
acanthoid.coach,available,46,1%,9,"Agriculture,Science",,,
cotyloid.coach,available,46,1%,8,Science,,,
acapnial.coach,available,46,0%,8,"Healthcare,Medicine,Science",,,
achenial.coach,available,46,1%,8,Science,,,
vinegarish.coach,available,46,1%,10,Food and Beverage,,,
achromous.coach,available,46,1%,9,Science,,,
acheronian.coach,available,46,1%,10,Humanities,,,
acarpelous.coach,available,46,0%,10,"Agriculture,Science",,,
acephalous.coach,available,46,1%,10,Science,,,
acetabular.coach,available,46,1%,10,Science,,,
stemless.coach,available,46,2%,8,"Agriculture,Science",,,
acanthous.coach,available,46,0%,9,"Agriculture,Science",,,
achromic.coach,available,46,2%,8,Science,,,
acetonic.coach,available,46,1%,8,Science,,,
accusatory.coach,available,44,1%,10,Law,,,
acherontic.coach,available,44,1%,10,Humanities,,,
cotyloidal.coach,available,44,1%,10,Science,,,
abscessed.coach,available,41,0%,9,Healthcare,,,
phoebe.coach,available,41,14%,6,Science,,,
scurrilous.coach,available,40,1%,10,"Entertainment,Media,Politics",,,
accusive.coach,available,40,1%,8,Law,,,
accurst.coach,available,40,1%,7,Religion,,,